Africa/Abidjan	JAN	0	Greenwich Mean Time
Africa/Abidjan	JUL	0	Greenwich Mean Time
Africa/Accra	JAN	0	Greenwich Mean Time
Africa/Accra	JUL	0	Greenwich Mean Time
Africa/Addis_Ababa	JAN	-180	East Africa Time
Africa/Addis_Ababa	JUL	-180	East Africa Time
Africa/Algiers	JAN	-60	Central European Standard Time
Africa/Algiers	JUL	-60	Central European Standard Time
Africa/Asmara	JAN	-180	East Africa Time
Africa/Asmara	JUL	-180	East Africa Time
Africa/Asmera	JAN	-180	East Africa Time
Africa/Asmera	JUL	-180	East Africa Time
Africa/Bamako	JAN	0	Greenwich Mean Time
Africa/Bamako	JUL	0	Greenwich Mean Time
Africa/Bangui	JAN	-60	West Africa Standard Time
Africa/Bangui	JUL	-60	West Africa Standard Time
Africa/Banjul	JAN	0	Greenwich Mean Time
Africa/Banjul	JUL	0	Greenwich Mean Time
Africa/Bissau	JAN	0	Greenwich Mean Time
Africa/Bissau	JUL	0	Greenwich Mean Time
Africa/Blantyre	JAN	-120	Central Africa Time
Africa/Blantyre	JUL	-120	Central Africa Time
Africa/Brazzaville	JAN	-60	West Africa Standard Time
Africa/Brazzaville	JUL	-60	West Africa Standard Time
Africa/Bujumbura	JAN	-120	Central Africa Time
Africa/Bujumbura	JUL	-120	Central Africa Time
Africa/Cairo	JAN	-120	Eastern European Standard Time
Africa/Cairo	JUL	-180	Eastern European Summer Time
Africa/Casablanca	JAN	-60	GMT+01:00
Africa/Casablanca	JUL	-60	GMT+01:00
Africa/Ceuta	JAN	-60	Central European Standard Time
Africa/Ceuta	JUL	-120	Central European Summer Time
Africa/Conakry	JAN	0	Greenwich Mean Time
Africa/Conakry	JUL	0	Greenwich Mean Time
Africa/Dakar	JAN	0	Greenwich Mean Time
Africa/Dakar	JUL	0	Greenwich Mean Time
Africa/Dar_es_Salaam	JAN	-180	East Africa Time
Africa/Dar_es_Salaam	JUL	-180	East Africa Time
Africa/Djibouti	JAN	-180	East Africa Time
Africa/Djibouti	JUL	-180	East Africa Time
Africa/Douala	JAN	-60	West Africa Standard Time
Africa/Douala	JUL	-60	West Africa Standard Time
Africa/El_Aaiun	JAN	-60	GMT+01:00
Africa/El_Aaiun	JUL	-60	GMT+01:00
Africa/Freetown	JAN	0	Greenwich Mean Time
Africa/Freetown	JUL	0	Greenwich Mean Time
Africa/Gaborone	JAN	-120	Central Africa Time
Africa/Gaborone	JUL	-120	Central Africa Time
Africa/Harare	JAN	-120	Central Africa Time
Africa/Harare	JUL	-120	Central Africa Time
Africa/Johannesburg	JAN	-120	South Africa Standard Time
Africa/Johannesburg	JUL	-120	South Africa Standard Time
Africa/Juba	JAN	-120	Central Africa Time
Africa/Juba	JUL	-120	Central Africa Time
Africa/Kampala	JAN	-180	East Africa Time
Africa/Kampala	JUL	-180	East Africa Time
Africa/Khartoum	JAN	-120	Central Africa Time
Africa/Khartoum	JUL	-120	Central Africa Time
Africa/Kigali	JAN	-120	Central Africa Time
Africa/Kigali	JUL	-120	Central Africa Time
Africa/Kinshasa	JAN	-60	West Africa Standard Time
Africa/Kinshasa	JUL	-60	West Africa Standard Time
Africa/Lagos	JAN	-60	West Africa Standard Time
Africa/Lagos	JUL	-60	West Africa Standard Time
Africa/Libreville	JAN	-60	West Africa Standard Time
Africa/Libreville	JUL	-60	West Africa Standard Time
Africa/Lome	JAN	0	Greenwich Mean Time
Africa/Lome	JUL	0	Greenwich Mean Time
Africa/Luanda	JAN	-60	West Africa Standard Time
Africa/Luanda	JUL	-60	West Africa Standard Time
Africa/Lubumbashi	JAN	-120	Central Africa Time
Africa/Lubumbashi	JUL	-120	Central Africa Time
Africa/Lusaka	JAN	-120	Central Africa Time
Africa/Lusaka	JUL	-120	Central Africa Time
Africa/Malabo	JAN	-60	West Africa Standard Time
Africa/Malabo	JUL	-60	West Africa Standard Time
Africa/Maputo	JAN	-120	Central Africa Time
Africa/Maputo	JUL	-120	Central Africa Time
Africa/Maseru	JAN	-120	South Africa Standard Time
Africa/Maseru	JUL	-120	South Africa Standard Time
Africa/Mbabane	JAN	-120	South Africa Standard Time
Africa/Mbabane	JUL	-120	South Africa Standard Time
Africa/Mogadishu	JAN	-180	East Africa Time
Africa/Mogadishu	JUL	-180	East Africa Time
Africa/Monrovia	JAN	0	Greenwich Mean Time
Africa/Monrovia	JUL	0	Greenwich Mean Time
Africa/Nairobi	JAN	-180	East Africa Time
Africa/Nairobi	JUL	-180	East Africa Time
Africa/Ndjamena	JAN	-60	West Africa Standard Time
Africa/Ndjamena	JUL	-60	West Africa Standard Time
Africa/Niamey	JAN	-60	West Africa Standard Time
Africa/Niamey	JUL	-60	West Africa Standard Time
Africa/Nouakchott	JAN	0	Greenwich Mean Time
Africa/Nouakchott	JUL	0	Greenwich Mean Time
Africa/Ouagadougou	JAN	0	Greenwich Mean Time
Africa/Ouagadougou	JUL	0	Greenwich Mean Time
Africa/Porto-Novo	JAN	-60	West Africa Standard Time
Africa/Porto-Novo	JUL	-60	West Africa Standard Time
Africa/Sao_Tome	JAN	0	Greenwich Mean Time
Africa/Sao_Tome	JUL	0	Greenwich Mean Time
Africa/Timbuktu	JAN	0	Greenwich Mean Time
Africa/Timbuktu	JUL	0	Greenwich Mean Time
Africa/Tripoli	JAN	-120	Eastern European Standard Time
Africa/Tripoli	JUL	-120	Eastern European Standard Time
Africa/Tunis	JAN	-60	Central European Standard Time
Africa/Tunis	JUL	-60	Central European Standard Time
Africa/Windhoek	JAN	-120	Central Africa Time
Africa/Windhoek	JUL	-120	Central Africa Time
America/Adak	JAN	600	Hawaii-Aleutian Standard Time
America/Adak	JUL	540	Hawaii-Aleutian Daylight Time
America/Anchorage	JAN	540	Alaska Standard Time
America/Anchorage	JUL	480	Alaska Daylight Time
America/Anguilla	JAN	240	Atlantic Standard Time
America/Anguilla	JUL	240	Atlantic Standard Time
America/Antigua	JAN	240	Atlantic Standard Time
America/Antigua	JUL	240	Atlantic Standard Time
America/Araguaina	JAN	180	Brasilia Standard Time
America/Araguaina	JUL	180	Brasilia Standard Time
America/Argentina/Buenos_Aires	JAN	180	Argentina Standard Time
America/Argentina/Buenos_Aires	JUL	180	Argentina Standard Time
America/Argentina/Catamarca	JAN	180	Argentina Standard Time
America/Argentina/Catamarca	JUL	180	Argentina Standard Time
America/Argentina/ComodRivadavia	JAN	180	Argentina Standard Time
America/Argentina/ComodRivadavia	JUL	180	Argentina Standard Time
America/Argentina/Cordoba	JAN	180	Argentina Standard Time
America/Argentina/Cordoba	JUL	180	Argentina Standard Time
America/Argentina/Jujuy	JAN	180	Argentina Standard Time
America/Argentina/Jujuy	JUL	180	Argentina Standard Time
America/Argentina/La_Rioja	JAN	180	Argentina Standard Time
America/Argentina/La_Rioja	JUL	180	Argentina Standard Time
America/Argentina/Mendoza	JAN	180	Argentina Standard Time
America/Argentina/Mendoza	JUL	180	Argentina Standard Time
America/Argentina/Rio_Gallegos	JAN	180	Argentina Standard Time
America/Argentina/Rio_Gallegos	JUL	180	Argentina Standard Time
America/Argentina/Salta	JAN	180	Argentina Standard Time
America/Argentina/Salta	JUL	180	Argentina Standard Time
America/Argentina/San_Juan	JAN	180	Argentina Standard Time
America/Argentina/San_Juan	JUL	180	Argentina Standard Time
America/Argentina/San_Luis	JAN	180	Argentina Standard Time
America/Argentina/San_Luis	JUL	180	Argentina Standard Time
America/Argentina/Tucuman	JAN	180	Argentina Standard Time
America/Argentina/Tucuman	JUL	180	Argentina Standard Time
America/Argentina/Ushuaia	JAN	180	Argentina Standard Time
America/Argentina/Ushuaia	JUL	180	Argentina Standard Time
America/Aruba	JAN	240	Atlantic Standard Time
America/Aruba	JUL	240	Atlantic Standard Time
America/Asuncion	JAN	180	Paraguay Standard Time
America/Asuncion	JUL	180	Paraguay Standard Time
America/Atikokan	JAN	300	Eastern Standard Time
America/Atikokan	JUL	300	Eastern Standard Time
America/Atka	JAN	600	Hawaii-Aleutian Standard Time
America/Atka	JUL	540	Hawaii-Aleutian Daylight Time
America/Bahia	JAN	180	Brasilia Standard Time
America/Bahia	JUL	180	Brasilia Standard Time
America/Bahia_Banderas	JAN	360	Central Standard Time
America/Bahia_Banderas	JUL	360	Central Standard Time
America/Barbados	JAN	240	Atlantic Standard Time
America/Barbados	JUL	240	Atlantic Standard Time
America/Belem	JAN	180	Brasilia Standard Time
America/Belem	JUL	180	Brasilia Standard Time
America/Belize	JAN	360	Central Standard Time
America/Belize	JUL	360	Central Standard Time
America/Blanc-Sablon	JAN	240	Atlantic Standard Time
America/Blanc-Sablon	JUL	240	Atlantic Standard Time
America/Boa_Vista	JAN	240	Amazon Standard Time
America/Boa_Vista	JUL	240	Amazon Standard Time
America/Bogota	JAN	300	Colombia Standard Time
America/Bogota	JUL	300	Colombia Standard Time
America/Boise	JAN	420	Mountain Standard Time
America/Boise	JUL	360	Mountain Daylight Time
America/Buenos_Aires	JAN	180	Argentina Standard Time
America/Buenos_Aires	JUL	180	Argentina Standard Time
America/Cambridge_Bay	JAN	420	Mountain Standard Time
America/Cambridge_Bay	JUL	360	Mountain Daylight Time
America/Campo_Grande	JAN	240	Amazon Standard Time
America/Campo_Grande	JUL	240	Amazon Standard Time
America/Cancun	JAN	300	Eastern Standard Time
America/Cancun	JUL	300	Eastern Standard Time
America/Caracas	JAN	240	Venezuela Time
America/Caracas	JUL	240	Venezuela Time
America/Catamarca	JAN	180	Argentina Standard Time
America/Catamarca	JUL	180	Argentina Standard Time
America/Cayenne	JAN	180	French Guiana Time
America/Cayenne	JUL	180	French Guiana Time
America/Cayman	JAN	300	Eastern Standard Time
America/Cayman	JUL	300	Eastern Standard Time
America/Chicago	JAN	360	Central Standard Time
America/Chicago	JUL	300	Central Daylight Time
America/Chihuahua	JAN	360	Central Standard Time
America/Chihuahua	JUL	360	Central Standard Time
America/Ciudad_Juarez	JAN	420	Mountain Standard Time
America/Ciudad_Juarez	JUL	360	Mountain Daylight Time
America/Coral_Harbour	JAN	300	Eastern Standard Time
America/Coral_Harbour	JUL	300	Eastern Standard Time
America/Cordoba	JAN	180	Argentina Standard Time
America/Cordoba	JUL	180	Argentina Standard Time
America/Costa_Rica	JAN	360	Central Standard Time
America/Costa_Rica	JUL	360	Central Standard Time
America/Coyhaique	JAN	180	GMT-03:00
America/Coyhaique	JUL	180	GMT-03:00
America/Creston	JAN	420	Mountain Standard Time
America/Creston	JUL	420	Mountain Standard Time
America/Cuiaba	JAN	240	Amazon Standard Time
America/Cuiaba	JUL	240	Amazon Standard Time
America/Curacao	JAN	240	Atlantic Standard Time
America/Curacao	JUL	240	Atlantic Standard Time
America/Danmarkshavn	JAN	0	Greenwich Mean Time
America/Danmarkshavn	JUL	0	Greenwich Mean Time
America/Dawson	JAN	420	Yukon Time
America/Dawson	JUL	420	Yukon Time
America/Dawson_Creek	JAN	420	Mountain Standard Time
America/Dawson_Creek	JUL	420	Mountain Standard Time
America/Denver	JAN	420	Mountain Standard Time
America/Denver	JUL	360	Mountain Daylight Time
America/Detroit	JAN	300	Eastern Standard Time
America/Detroit	JUL	240	Eastern Daylight Time
America/Dominica	JAN	240	Atlantic Standard Time
America/Dominica	JUL	240	Atlantic Standard Time
America/Edmonton	JAN	420	Mountain Standard Time
America/Edmonton	JUL	360	Mountain Daylight Time
America/Eirunepe	JAN	300	Acre Standard Time
America/Eirunepe	JUL	300	Acre Standard Time
America/El_Salvador	JAN	360	Central Standard Time
America/El_Salvador	JUL	360	Central Standard Time
America/Ensenada	JAN	480	Pacific Standard Time
America/Ensenada	JUL	420	Pacific Daylight Time
America/Fort_Nelson	JAN	420	Mountain Standard Time
America/Fort_Nelson	JUL	420	Mountain Standard Time
America/Fort_Wayne	JAN	300	Eastern Standard Time
America/Fort_Wayne	JUL	240	Eastern Daylight Time
America/Fortaleza	JAN	180	Brasilia Standard Time
America/Fortaleza	JUL	180	Brasilia Standard Time
America/Glace_Bay	JAN	240	Atlantic Standard Time
America/Glace_Bay	JUL	180	Atlantic Daylight Time
America/Godthab	JAN	120	Greenland Standard Time
America/Godthab	JUL	60	Greenland Summer Time
America/Goose_Bay	JAN	240	Atlantic Standard Time
America/Goose_Bay	JUL	180	Atlantic Daylight Time
America/Grand_Turk	JAN	300	Eastern Standard Time
America/Grand_Turk	JUL	240	Eastern Daylight Time
America/Grenada	JAN	240	Atlantic Standard Time
America/Grenada	JUL	240	Atlantic Standard Time
America/Guadeloupe	JAN	240	Atlantic Standard Time
America/Guadeloupe	JUL	240	Atlantic Standard Time
America/Guatemala	JAN	360	Central Standard Time
America/Guatemala	JUL	360	Central Standard Time
America/Guayaquil	JAN	300	Ecuador Time
America/Guayaquil	JUL	300	Ecuador Time
America/Guyana	JAN	240	Guyana Time
America/Guyana	JUL	240	Guyana Time
America/Halifax	JAN	240	Atlantic Standard Time
America/Halifax	JUL	180	Atlantic Daylight Time
America/Havana	JAN	300	Cuba Standard Time
America/Havana	JUL	240	Cuba Daylight Time
America/Hermosillo	JAN	420	Mexican Pacific Standard Time
America/Hermosillo	JUL	420	Mexican Pacific Standard Time
America/Indiana/Indianapolis	JAN	300	Eastern Standard Time
America/Indiana/Indianapolis	JUL	240	Eastern Daylight Time
America/Indiana/Knox	JAN	360	Central Standard Time
America/Indiana/Knox	JUL	300	Central Daylight Time
America/Indiana/Marengo	JAN	300	Eastern Standard Time
America/Indiana/Marengo	JUL	240	Eastern Daylight Time
America/Indiana/Petersburg	JAN	300	Eastern Standard Time
America/Indiana/Petersburg	JUL	240	Eastern Daylight Time
America/Indiana/Tell_City	JAN	360	Central Standard Time
America/Indiana/Tell_City	JUL	300	Central Daylight Time
America/Indiana/Vevay	JAN	300	Eastern Standard Time
America/Indiana/Vevay	JUL	240	Eastern Daylight Time
America/Indiana/Vincennes	JAN	300	Eastern Standard Time
America/Indiana/Vincennes	JUL	240	Eastern Daylight Time
America/Indiana/Winamac	JAN	300	Eastern Standard Time
America/Indiana/Winamac	JUL	240	Eastern Daylight Time
America/Indianapolis	JAN	300	Eastern Standard Time
America/Indianapolis	JUL	240	Eastern Daylight Time
America/Inuvik	JAN	420	Mountain Standard Time
America/Inuvik	JUL	360	Mountain Daylight Time
America/Iqaluit	JAN	300	Eastern Standard Time
America/Iqaluit	JUL	240	Eastern Daylight Time
America/Jamaica	JAN	300	Eastern Standard Time
America/Jamaica	JUL	300	Eastern Standard Time
America/Jujuy	JAN	180	Argentina Standard Time
America/Jujuy	JUL	180	Argentina Standard Time
America/Juneau	JAN	540	Alaska Standard Time
America/Juneau	JUL	480	Alaska Daylight Time
America/Kentucky/Louisville	JAN	300	Eastern Standard Time
America/Kentucky/Louisville	JUL	240	Eastern Daylight Time
America/Kentucky/Monticello	JAN	300	Eastern Standard Time
America/Kentucky/Monticello	JUL	240	Eastern Daylight Time
America/Knox_IN	JAN	360	Central Standard Time
America/Knox_IN	JUL	300	Central Daylight Time
America/Kralendijk	JAN	240	Atlantic Standard Time
America/Kralendijk	JUL	240	Atlantic Standard Time
America/La_Paz	JAN	240	Bolivia Time
America/La_Paz	JUL	240	Bolivia Time
America/Lima	JAN	300	Peru Standard Time
America/Lima	JUL	300	Peru Standard Time
America/Los_Angeles	JAN	480	Pacific Standard Time
America/Los_Angeles	JUL	420	Pacific Daylight Time
America/Louisville	JAN	300	Eastern Standard Time
America/Louisville	JUL	240	Eastern Daylight Time
America/Lower_Princes	JAN	240	Atlantic Standard Time
America/Lower_Princes	JUL	240	Atlantic Standard Time
America/Maceio	JAN	180	Brasilia Standard Time
America/Maceio	JUL	180	Brasilia Standard Time
America/Managua	JAN	360	Central Standard Time
America/Managua	JUL	360	Central Standard Time
America/Manaus	JAN	240	Amazon Standard Time
America/Manaus	JUL	240	Amazon Standard Time
America/Marigot	JAN	240	Atlantic Standard Time
America/Marigot	JUL	240	Atlantic Standard Time
America/Martinique	JAN	240	Atlantic Standard Time
America/Martinique	JUL	240	Atlantic Standard Time
America/Matamoros	JAN	360	Central Standard Time
America/Matamoros	JUL	300	Central Daylight Time
America/Mazatlan	JAN	420	Mexican Pacific Standard Time
America/Mazatlan	JUL	420	Mexican Pacific Standard Time
America/Mendoza	JAN	180	Argentina Standard Time
America/Mendoza	JUL	180	Argentina Standard Time
America/Menominee	JAN	360	Central Standard Time
America/Menominee	JUL	300	Central Daylight Time
America/Merida	JAN	360	Central Standard Time
America/Merida	JUL	360	Central Standard Time
America/Metlakatla	JAN	540	Alaska Standard Time
America/Metlakatla	JUL	480	Alaska Daylight Time
America/Mexico_City	JAN	360	Central Standard Time
America/Mexico_City	JUL	360	Central Standard Time
America/Miquelon	JAN	180	St. Pierre & Miquelon Standard Time
America/Miquelon	JUL	120	St. Pierre & Miquelon Daylight Time
America/Moncton	JAN	240	Atlantic Standard Time
America/Moncton	JUL	180	Atlantic Daylight Time
America/Monterrey	JAN	360	Central Standard Time
America/Monterrey	JUL	360	Central Standard Time
America/Montevideo	JAN	180	Uruguay Standard Time
America/Montevideo	JUL	180	Uruguay Standard Time
America/Montreal	JAN	300	Eastern Standard Time
America/Montreal	JUL	240	Eastern Daylight Time
America/Montserrat	JAN	240	Atlantic Standard Time
America/Montserrat	JUL	240	Atlantic Standard Time
America/Nassau	JAN	300	Eastern Standard Time
America/Nassau	JUL	240	Eastern Daylight Time
America/New_York	JAN	300	Eastern Standard Time
America/New_York	JUL	240	Eastern Daylight Time
America/Nipigon	JAN	300	Eastern Standard Time
America/Nipigon	JUL	240	Eastern Daylight Time
America/Nome	JAN	540	Alaska Standard Time
America/Nome	JUL	480	Alaska Daylight Time
America/Noronha	JAN	120	Fernando de Noronha Standard Time
America/Noronha	JUL	120	Fernando de Noronha Standard Time
America/North_Dakota/Beulah	JAN	360	Central Standard Time
America/North_Dakota/Beulah	JUL	300	Central Daylight Time
America/North_Dakota/Center	JAN	360	Central Standard Time
America/North_Dakota/Center	JUL	300	Central Daylight Time
America/North_Dakota/New_Salem	JAN	360	Central Standard Time
America/North_Dakota/New_Salem	JUL	300	Central Daylight Time
America/Nuuk	JAN	120	Greenland Standard Time
America/Nuuk	JUL	60	Greenland Summer Time
America/Ojinaga	JAN	360	Central Standard Time
America/Ojinaga	JUL	300	Central Daylight Time
America/Panama	JAN	300	Eastern Standard Time
America/Panama	JUL	300	Eastern Standard Time
America/Pangnirtung	JAN	300	Eastern Standard Time
America/Pangnirtung	JUL	240	Eastern Daylight Time
America/Paramaribo	JAN	180	Suriname Time
America/Paramaribo	JUL	180	Suriname Time
America/Phoenix	JAN	420	Mountain Standard Time
America/Phoenix	JUL	420	Mountain Standard Time
America/Port-au-Prince	JAN	300	Eastern Standard Time
America/Port-au-Prince	JUL	240	Eastern Daylight Time
America/Port_of_Spain	JAN	240	Atlantic Standard Time
America/Port_of_Spain	JUL	240	Atlantic Standard Time
America/Porto_Acre	JAN	300	Acre Standard Time
America/Porto_Acre	JUL	300	Acre Standard Time
America/Porto_Velho	JAN	240	Amazon Standard Time
America/Porto_Velho	JUL	240	Amazon Standard Time
America/Puerto_Rico	JAN	240	Atlantic Standard Time
America/Puerto_Rico	JUL	240	Atlantic Standard Time
America/Punta_Arenas	JAN	180	GMT-03:00
America/Punta_Arenas	JUL	180	GMT-03:00
America/Rainy_River	JAN	360	Central Standard Time
America/Rainy_River	JUL	300	Central Daylight Time
America/Rankin_Inlet	JAN	360	Central Standard Time
America/Rankin_Inlet	JUL	300	Central Daylight Time
America/Recife	JAN	180	Brasilia Standard Time
America/Recife	JUL	180	Brasilia Standard Time
America/Regina	JAN	360	Central Standard Time
America/Regina	JUL	360	Central Standard Time
America/Resolute	JAN	360	Central Standard Time
America/Resolute	JUL	300	Central Daylight Time
America/Rio_Branco	JAN	300	Acre Standard Time
America/Rio_Branco	JUL	300	Acre Standard Time
America/Rosario	JAN	180	Argentina Standard Time
America/Rosario	JUL	180	Argentina Standard Time
America/Santa_Isabel	JAN	480	Pacific Standard Time
America/Santa_Isabel	JUL	420	Pacific Daylight Time
America/Santarem	JAN	180	Brasilia Standard Time
America/Santarem	JUL	180	Brasilia Standard Time
America/Santiago	JAN	180	Chile Summer Time
America/Santiago	JUL	240	Chile Standard Time
America/Santo_Domingo	JAN	240	Atlantic Standard Time
America/Santo_Domingo	JUL	240	Atlantic Standard Time
America/Sao_Paulo	JAN	180	Brasilia Standard Time
America/Sao_Paulo	JUL	180	Brasilia Standard Time
America/Scoresbysund	JAN	120	Greenland Standard Time
America/Scoresbysund	JUL	60	Greenland Summer Time
America/Shiprock	JAN	420	Mountain Standard Time
America/Shiprock	JUL	360	Mountain Daylight Time
America/Sitka	JAN	540	Alaska Standard Time
America/Sitka	JUL	480	Alaska Daylight Time
America/St_Barthelemy	JAN	240	Atlantic Standard Time
America/St_Barthelemy	JUL	240	Atlantic Standard Time
America/St_Johns	JAN	210	Newfoundland Standard Time
America/St_Johns	JUL	150	Newfoundland Daylight Time
America/St_Kitts	JAN	240	Atlantic Standard Time
America/St_Kitts	JUL	240	Atlantic Standard Time
America/St_Lucia	JAN	240	Atlantic Standard Time
America/St_Lucia	JUL	240	Atlantic Standard Time
America/St_Thomas	JAN	240	Atlantic Standard Time
America/St_Thomas	JUL	240	Atlantic Standard Time
America/St_Vincent	JAN	240	Atlantic Standard Time
America/St_Vincent	JUL	240	Atlantic Standard Time
America/Swift_Current	JAN	360	Central Standard Time
America/Swift_Current	JUL	360	Central Standard Time
America/Tegucigalpa	JAN	360	Central Standard Time
America/Tegucigalpa	JUL	360	Central Standard Time
America/Thule	JAN	240	Atlantic Standard Time
America/Thule	JUL	180	Atlantic Daylight Time
America/Thunder_Bay	JAN	300	Eastern Standard Time
America/Thunder_Bay	JUL	240	Eastern Daylight Time
America/Tijuana	JAN	480	Pacific Standard Time
America/Tijuana	JUL	420	Pacific Daylight Time
America/Toronto	JAN	300	Eastern Standard Time
America/Toronto	JUL	240	Eastern Daylight Time
America/Tortola	JAN	240	Atlantic Standard Time
America/Tortola	JUL	240	Atlantic Standard Time
America/Vancouver	JAN	480	Pacific Standard Time
America/Vancouver	JUL	420	Pacific Daylight Time
America/Virgin	JAN	240	Atlantic Standard Time
America/Virgin	JUL	240	Atlantic Standard Time
America/Whitehorse	JAN	420	Yukon Time
America/Whitehorse	JUL	420	Yukon Time
America/Winnipeg	JAN	360	Central Standard Time
America/Winnipeg	JUL	300	Central Daylight Time
America/Yakutat	JAN	540	Alaska Standard Time
America/Yakutat	JUL	480	Alaska Daylight Time
America/Yellowknife	JAN	420	Mountain Standard Time
America/Yellowknife	JUL	360	Mountain Daylight Time
Antarctica/Casey	JAN	-480	Australian Western Standard Time
Antarctica/Casey	JUL	-480	Australian Western Standard Time
Antarctica/Davis	JAN	-420	Davis Time
Antarctica/Davis	JUL	-420	Davis Time
Antarctica/DumontDUrville	JAN	-600	Dumont d’Urville Time
Antarctica/DumontDUrville	JUL	-600	Dumont d’Urville Time
Antarctica/Macquarie	JAN	-660	Australian Eastern Daylight Time
Antarctica/Macquarie	JUL	-600	Australian Eastern Standard Time
Antarctica/Mawson	JAN	-300	Mawson Time
Antarctica/Mawson	JUL	-300	Mawson Time
Antarctica/McMurdo	JAN	-780	New Zealand Daylight Time
Antarctica/McMurdo	JUL	-720	New Zealand Standard Time
Antarctica/Palmer	JAN	180	GMT-03:00
Antarctica/Palmer	JUL	180	GMT-03:00
Antarctica/Rothera	JAN	180	Rothera Time
Antarctica/Rothera	JUL	180	Rothera Time
Antarctica/South_Pole	JAN	-780	New Zealand Daylight Time
Antarctica/South_Pole	JUL	-720	New Zealand Standard Time
Antarctica/Syowa	JAN	-180	Syowa Time
Antarctica/Syowa	JUL	-180	Syowa Time
Antarctica/Troll	JAN	0	Greenwich Mean Time
Antarctica/Troll	JUL	-120	GMT+02:00
Antarctica/Vostok	JAN	-300	Vostok Time
Antarctica/Vostok	JUL	-300	Vostok Time
Arctic/Longyearbyen	JAN	-60	Central European Standard Time
Arctic/Longyearbyen	JUL	-120	Central European Summer Time
Asia/Aden	JAN	-180	Arabian Standard Time
Asia/Aden	JUL	-180	Arabian Standard Time
Asia/Almaty	JAN	-300	Kazakhstan Time
Asia/Almaty	JUL	-300	Kazakhstan Time
Asia/Amman	JAN	-180	GMT+03:00
Asia/Amman	JUL	-180	GMT+03:00
Asia/Anadyr	JAN	-720	Anadyr Standard Time
Asia/Anadyr	JUL	-720	Anadyr Standard Time
Asia/Aqtau	JAN	-300	Kazakhstan Time
Asia/Aqtau	JUL	-300	Kazakhstan Time
Asia/Aqtobe	JAN	-300	Kazakhstan Time
Asia/Aqtobe	JUL	-300	Kazakhstan Time
Asia/Ashgabat	JAN	-300	Turkmenistan Standard Time
Asia/Ashgabat	JUL	-300	Turkmenistan Standard Time
Asia/Ashkhabad	JAN	-300	Turkmenistan Standard Time
Asia/Ashkhabad	JUL	-300	Turkmenistan Standard Time
Asia/Atyrau	JAN	-300	Kazakhstan Time
Asia/Atyrau	JUL	-300	Kazakhstan Time
Asia/Baghdad	JAN	-180	Arabian Standard Time
Asia/Baghdad	JUL	-180	Arabian Standard Time
Asia/Bahrain	JAN	-180	Arabian Standard Time
Asia/Bahrain	JUL	-180	Arabian Standard Time
Asia/Baku	JAN	-240	Azerbaijan Standard Time
Asia/Baku	JUL	-240	Azerbaijan Standard Time
Asia/Bangkok	JAN	-420	Indochina Time
Asia/Bangkok	JUL	-420	Indochina Time
Asia/Barnaul	JAN	-420	GMT+07:00
Asia/Barnaul	JUL	-420	GMT+07:00
Asia/Beirut	JAN	-120	Eastern European Standard Time
Asia/Beirut	JUL	-180	Eastern European Summer Time
Asia/Bishkek	JAN	-360	Kyrgyzstan Time
Asia/Bishkek	JUL	-360	Kyrgyzstan Time
Asia/Brunei	JAN	-480	Brunei Time
Asia/Brunei	JUL	-480	Brunei Time
Asia/Calcutta	JAN	-330	India Standard Time
Asia/Calcutta	JUL	-330	India Standard Time
Asia/Chita	JAN	-540	Yakutsk Standard Time
Asia/Chita	JUL	-540	Yakutsk Standard Time
Asia/Choibalsan	JAN	-480	Ulaanbaatar Standard Time
Asia/Choibalsan	JUL	-480	Ulaanbaatar Standard Time
Asia/Chongqing	JAN	-480	China Standard Time
Asia/Chongqing	JUL	-480	China Standard Time
Asia/Chungking	JAN	-480	China Standard Time
Asia/Chungking	JUL	-480	China Standard Time
Asia/Colombo	JAN	-330	India Standard Time
Asia/Colombo	JUL	-330	India Standard Time
Asia/Dacca	JAN	-360	Bangladesh Standard Time
Asia/Dacca	JUL	-360	Bangladesh Standard Time
Asia/Damascus	JAN	-180	GMT+03:00
Asia/Damascus	JUL	-180	GMT+03:00
Asia/Dhaka	JAN	-360	Bangladesh Standard Time
Asia/Dhaka	JUL	-360	Bangladesh Standard Time
Asia/Dili	JAN	-540	Timor-Leste Time
Asia/Dili	JUL	-540	Timor-Leste Time
Asia/Dubai	JAN	-240	Gulf Standard Time
Asia/Dubai	JUL	-240	Gulf Standard Time
Asia/Dushanbe	JAN	-300	Tajikistan Time
Asia/Dushanbe	JUL	-300	Tajikistan Time
Asia/Famagusta	JAN	-120	GMT+02:00
Asia/Famagusta	JUL	-180	GMT+03:00
Asia/Gaza	JAN	-120	Eastern European Standard Time
Asia/Gaza	JUL	-180	Eastern European Summer Time
Asia/Harbin	JAN	-480	China Standard Time
Asia/Harbin	JUL	-480	China Standard Time
Asia/Hebron	JAN	-120	Eastern European Standard Time
Asia/Hebron	JUL	-180	Eastern European Summer Time
Asia/Ho_Chi_Minh	JAN	-420	Indochina Time
Asia/Ho_Chi_Minh	JUL	-420	Indochina Time
Asia/Hong_Kong	JAN	-480	Hong Kong Standard Time
Asia/Hong_Kong	JUL	-480	Hong Kong Standard Time
Asia/Hovd	JAN	-420	Hovd Standard Time
Asia/Hovd	JUL	-420	Hovd Standard Time
Asia/Irkutsk	JAN	-480	Irkutsk Standard Time
Asia/Irkutsk	JUL	-480	Irkutsk Standard Time
Asia/Istanbul	JAN	-180	GMT+03:00
Asia/Istanbul	JUL	-180	GMT+03:00
Asia/Jakarta	JAN	-420	Western Indonesia Time
Asia/Jakarta	JUL	-420	Western Indonesia Time
Asia/Jayapura	JAN	-540	Eastern Indonesia Time
Asia/Jayapura	JUL	-540	Eastern Indonesia Time
Asia/Jerusalem	JAN	-120	Israel Standard Time
Asia/Jerusalem	JUL	-180	Israel Daylight Time
Asia/Kabul	JAN	-270	Afghanistan Time
Asia/Kabul	JUL	-270	Afghanistan Time
Asia/Kamchatka	JAN	-720	Kamchatka Standard Time
Asia/Kamchatka	JUL	-720	Kamchatka Standard Time
Asia/Karachi	JAN	-300	Pakistan Standard Time
Asia/Karachi	JUL	-300	Pakistan Standard Time
Asia/Kashgar	JAN	-360	GMT+06:00
Asia/Kashgar	JUL	-360	GMT+06:00
Asia/Kathmandu	JAN	-345	Nepal Time
Asia/Kathmandu	JUL	-345	Nepal Time
Asia/Katmandu	JAN	-345	Nepal Time
Asia/Katmandu	JUL	-345	Nepal Time
Asia/Khandyga	JAN	-540	Yakutsk Standard Time
Asia/Khandyga	JUL	-540	Yakutsk Standard Time
Asia/Kolkata	JAN	-330	India Standard Time
Asia/Kolkata	JUL	-330	India Standard Time
Asia/Krasnoyarsk	JAN	-420	Krasnoyarsk Standard Time
Asia/Krasnoyarsk	JUL	-420	Krasnoyarsk Standard Time
Asia/Kuala_Lumpur	JAN	-480	Malaysia Time
Asia/Kuala_Lumpur	JUL	-480	Malaysia Time
Asia/Kuching	JAN	-480	Malaysia Time
Asia/Kuching	JUL	-480	Malaysia Time
Asia/Kuwait	JAN	-180	Arabian Standard Time
Asia/Kuwait	JUL	-180	Arabian Standard Time
Asia/Macao	JAN	-480	China Standard Time
Asia/Macao	JUL	-480	China Standard Time
Asia/Macau	JAN	-480	China Standard Time
Asia/Macau	JUL	-480	China Standard Time
Asia/Magadan	JAN	-660	Magadan Standard Time
Asia/Magadan	JUL	-660	Magadan Standard Time
Asia/Makassar	JAN	-480	Central Indonesia Time
Asia/Makassar	JUL	-480	Central Indonesia Time
Asia/Manila	JAN	-480	Philippine Standard Time
Asia/Manila	JUL	-480	Philippine Standard Time
Asia/Muscat	JAN	-240	Gulf Standard Time
Asia/Muscat	JUL	-240	Gulf Standard Time
Asia/Nicosia	JAN	-120	Eastern European Standard Time
Asia/Nicosia	JUL	-180	Eastern European Summer Time
Asia/Novokuznetsk	JAN	-420	Krasnoyarsk Standard Time
Asia/Novokuznetsk	JUL	-420	Krasnoyarsk Standard Time
Asia/Novosibirsk	JAN	-420	Novosibirsk Standard Time
Asia/Novosibirsk	JUL	-420	Novosibirsk Standard Time
Asia/Omsk	JAN	-360	Omsk Standard Time
Asia/Omsk	JUL	-360	Omsk Standard Time
Asia/Oral	JAN	-300	Kazakhstan Time
Asia/Oral	JUL	-300	Kazakhstan Time
Asia/Phnom_Penh	JAN	-420	Indochina Time
Asia/Phnom_Penh	JUL	-420	Indochina Time
Asia/Pontianak	JAN	-420	Western Indonesia Time
Asia/Pontianak	JUL	-420	Western Indonesia Time
Asia/Pyongyang	JAN	-540	Korean Standard Time
Asia/Pyongyang	JUL	-540	Korean Standard Time
Asia/Qatar	JAN	-180	Arabian Standard Time
Asia/Qatar	JUL	-180	Arabian Standard Time
Asia/Qostanay	JAN	-300	Kazakhstan Time
Asia/Qostanay	JUL	-300	Kazakhstan Time
Asia/Qyzylorda	JAN	-300	Kazakhstan Time
Asia/Qyzylorda	JUL	-300	Kazakhstan Time
Asia/Rangoon	JAN	-390	Myanmar Time
Asia/Rangoon	JUL	-390	Myanmar Time
Asia/Riyadh	JAN	-180	Arabian Standard Time
Asia/Riyadh	JUL	-180	Arabian Standard Time
Asia/Saigon	JAN	-420	Indochina Time
Asia/Saigon	JUL	-420	Indochina Time
Asia/Sakhalin	JAN	-660	Sakhalin Standard Time
Asia/Sakhalin	JUL	-660	Sakhalin Standard Time
Asia/Samarkand	JAN	-300	Uzbekistan Standard Time
Asia/Samarkand	JUL	-300	Uzbekistan Standard Time
Asia/Seoul	JAN	-540	Korean Standard Time
Asia/Seoul	JUL	-540	Korean Standard Time
Asia/Shanghai	JAN	-480	China Standard Time
Asia/Shanghai	JUL	-480	China Standard Time
Asia/Singapore	JAN	-480	Singapore Standard Time
Asia/Singapore	JUL	-480	Singapore Standard Time
Asia/Srednekolymsk	JAN	-660	GMT+11:00
Asia/Srednekolymsk	JUL	-660	GMT+11:00
Asia/Taipei	JAN	-480	Taiwan Standard Time
Asia/Taipei	JUL	-480	Taiwan Standard Time
Asia/Tashkent	JAN	-300	Uzbekistan Standard Time
Asia/Tashkent	JUL	-300	Uzbekistan Standard Time
Asia/Tbilisi	JAN	-240	Georgia Standard Time
Asia/Tbilisi	JUL	-240	Georgia Standard Time
Asia/Tehran	JAN	-210	Iran Standard Time
Asia/Tehran	JUL	-210	Iran Standard Time
Asia/Tel_Aviv	JAN	-120	Israel Standard Time
Asia/Tel_Aviv	JUL	-180	Israel Daylight Time
Asia/Thimbu	JAN	-360	Bhutan Time
Asia/Thimbu	JUL	-360	Bhutan Time
Asia/Thimphu	JAN	-360	Bhutan Time
Asia/Thimphu	JUL	-360	Bhutan Time
Asia/Tokyo	JAN	-540	Japan Standard Time
Asia/Tokyo	JUL	-540	Japan Standard Time
Asia/Tomsk	JAN	-420	GMT+07:00
Asia/Tomsk	JUL	-420	GMT+07:00
Asia/Ujung_Pandang	JAN	-480	Central Indonesia Time
Asia/Ujung_Pandang	JUL	-480	Central Indonesia Time
Asia/Ulaanbaatar	JAN	-480	Ulaanbaatar Standard Time
Asia/Ulaanbaatar	JUL	-480	Ulaanbaatar Standard Time
Asia/Ulan_Bator	JAN	-480	Ulaanbaatar Standard Time
Asia/Ulan_Bator	JUL	-480	Ulaanbaatar Standard Time
Asia/Urumqi	JAN	-360	GMT+06:00
Asia/Urumqi	JUL	-360	GMT+06:00
Asia/Ust-Nera	JAN	-600	Vladivostok Standard Time
Asia/Ust-Nera	JUL	-600	Vladivostok Standard Time
Asia/Vientiane	JAN	-420	Indochina Time
Asia/Vientiane	JUL	-420	Indochina Time
Asia/Vladivostok	JAN	-600	Vladivostok Standard Time
Asia/Vladivostok	JUL	-600	Vladivostok Standard Time
Asia/Yakutsk	JAN	-540	Yakutsk Standard Time
Asia/Yakutsk	JUL	-540	Yakutsk Standard Time
Asia/Yangon	JAN	-390	Myanmar Time
Asia/Yangon	JUL	-390	Myanmar Time
Asia/Yekaterinburg	JAN	-300	Yekaterinburg Standard Time
Asia/Yekaterinburg	JUL	-300	Yekaterinburg Standard Time
Asia/Yerevan	JAN	-240	Armenia Standard Time
Asia/Yerevan	JUL	-240	Armenia Standard Time
Atlantic/Azores	JAN	60	Azores Standard Time
Atlantic/Azores	JUL	0	Azores Summer Time
Atlantic/Bermuda	JAN	240	Atlantic Standard Time
Atlantic/Bermuda	JUL	180	Atlantic Daylight Time
Atlantic/Canary	JAN	0	Western European Standard Time
Atlantic/Canary	JUL	-60	Western European Summer Time
Atlantic/Cape_Verde	JAN	60	Cape Verde Standard Time
Atlantic/Cape_Verde	JUL	60	Cape Verde Standard Time
Atlantic/Faeroe	JAN	0	Western European Standard Time
Atlantic/Faeroe	JUL	-60	Western European Summer Time
Atlantic/Faroe	JAN	0	Western European Standard Time
Atlantic/Faroe	JUL	-60	Western European Summer Time
Atlantic/Jan_Mayen	JAN	-60	Central European Standard Time
Atlantic/Jan_Mayen	JUL	-120	Central European Summer Time
Atlantic/Madeira	JAN	0	Western European Standard Time
Atlantic/Madeira	JUL	-60	Western European Summer Time
Atlantic/Reykjavik	JAN	0	Greenwich Mean Time
Atlantic/Reykjavik	JUL	0	Greenwich Mean Time
Atlantic/South_Georgia	JAN	120	South Georgia Time
Atlantic/South_Georgia	JUL	120	South Georgia Time
Atlantic/St_Helena	JAN	0	Greenwich Mean Time
Atlantic/St_Helena	JUL	0	Greenwich Mean Time
Atlantic/Stanley	JAN	180	Falkland Islands Standard Time
Atlantic/Stanley	JUL	180	Falkland Islands Standard Time
Australia/ACT	JAN	-660	Australian Eastern Daylight Time
Australia/ACT	JUL	-600	Australian Eastern Standard Time
Australia/Adelaide	JAN	-630	Australian Central Daylight Time
Australia/Adelaide	JUL	-570	Australian Central Standard Time
Australia/Brisbane	JAN	-600	Australian Eastern Standard Time
Australia/Brisbane	JUL	-600	Australian Eastern Standard Time
Australia/Broken_Hill	JAN	-630	Australian Central Daylight Time
Australia/Broken_Hill	JUL	-570	Australian Central Standard Time
Australia/Canberra	JAN	-660	Australian Eastern Daylight Time
Australia/Canberra	JUL	-600	Australian Eastern Standard Time
Australia/Currie	JAN	-660	Australian Eastern Daylight Time
Australia/Currie	JUL	-600	Australian Eastern Standard Time
Australia/Darwin	JAN	-570	Australian Central Standard Time
Australia/Darwin	JUL	-570	Australian Central Standard Time
Australia/Eucla	JAN	-525	Australian Central Western Standard Time
Australia/Eucla	JUL	-525	Australian Central Western Standard Time
Australia/Hobart	JAN	-660	Australian Eastern Daylight Time
Australia/Hobart	JUL	-600	Australian Eastern Standard Time
Australia/LHI	JAN	-660	Lord Howe Daylight Time
Australia/LHI	JUL	-630	Lord Howe Standard Time
Australia/Lindeman	JAN	-600	Australian Eastern Standard Time
Australia/Lindeman	JUL	-600	Australian Eastern Standard Time
Australia/Lord_Howe	JAN	-660	Lord Howe Daylight Time
Australia/Lord_Howe	JUL	-630	Lord Howe Standard Time
Australia/Melbourne	JAN	-660	Australian Eastern Daylight Time
Australia/Melbourne	JUL	-600	Australian Eastern Standard Time
Australia/NSW	JAN	-660	Australian Eastern Daylight Time
Australia/NSW	JUL	-600	Australian Eastern Standard Time
Australia/North	JAN	-570	Australian Central Standard Time
Australia/North	JUL	-570	Australian Central Standard Time
Australia/Perth	JAN	-480	Australian Western Standard Time
Australia/Perth	JUL	-480	Australian Western Standard Time
Australia/Queensland	JAN	-600	Australian Eastern Standard Time
Australia/Queensland	JUL	-600	Australian Eastern Standard Time
Australia/South	JAN	-630	Australian Central Daylight Time
Australia/South	JUL	-570	Australian Central Standard Time
Australia/Sydney	JAN	-660	Australian Eastern Daylight Time
Australia/Sydney	JUL	-600	Australian Eastern Standard Time
Australia/Tasmania	JAN	-660	Australian Eastern Daylight Time
Australia/Tasmania	JUL	-600	Australian Eastern Standard Time
Australia/Victoria	JAN	-660	Australian Eastern Daylight Time
Australia/Victoria	JUL	-600	Australian Eastern Standard Time
Australia/West	JAN	-480	Australian Western Standard Time
Australia/West	JUL	-480	Australian Western Standard Time
Australia/Yancowinna	JAN	-630	Australian Central Daylight Time
Australia/Yancowinna	JUL	-570	Australian Central Standard Time
Brazil/Acre	JAN	300	Acre Standard Time
Brazil/Acre	JUL	300	Acre Standard Time
Brazil/DeNoronha	JAN	120	Fernando de Noronha Standard Time
Brazil/DeNoronha	JUL	120	Fernando de Noronha Standard Time
Brazil/East	JAN	180	Brasilia Standard Time
Brazil/East	JUL	180	Brasilia Standard Time
Brazil/West	JAN	240	Amazon Standard Time
Brazil/West	JUL	240	Amazon Standard Time
CET	JAN	-60	Central European Standard Time
CET	JUL	-120	Central European Summer Time
CST6CDT	JAN	360	Central Standard Time
CST6CDT	JUL	300	Central Daylight Time
Canada/Atlantic	JAN	240	Atlantic Standard Time
Canada/Atlantic	JUL	180	Atlantic Daylight Time
Canada/Central	JAN	360	Central Standard Time
Canada/Central	JUL	300	Central Daylight Time
Canada/Eastern	JAN	300	Eastern Standard Time
Canada/Eastern	JUL	240	Eastern Daylight Time
Canada/Mountain	JAN	420	Mountain Standard Time
Canada/Mountain	JUL	360	Mountain Daylight Time
Canada/Newfoundland	JAN	210	Newfoundland Standard Time
Canada/Newfoundland	JUL	150	Newfoundland Daylight Time
Canada/Pacific	JAN	480	Pacific Standard Time
Canada/Pacific	JUL	420	Pacific Daylight Time
Canada/Saskatchewan	JAN	360	Central Standard Time
Canada/Saskatchewan	JUL	360	Central Standard Time
Canada/Yukon	JAN	420	Yukon Time
Canada/Yukon	JUL	420	Yukon Time
Chile/Continental	JAN	180	Chile Summer Time
Chile/Continental	JUL	240	Chile Standard Time
Chile/EasterIsland	JAN	300	Easter Island Summer Time
Chile/EasterIsland	JUL	360	Easter Island Standard Time
Cuba	JAN	300	Cuba Standard Time
Cuba	JUL	240	Cuba Daylight Time
EET	JAN	-120	Eastern European Standard Time
EET	JUL	-180	Eastern European Summer Time
EST	JAN	300	Eastern Standard Time
EST	JUL	300	Eastern Standard Time
EST5EDT	JAN	300	Eastern Standard Time
EST5EDT	JUL	240	Eastern Daylight Time
Egypt	JAN	-120	Eastern European Standard Time
Egypt	JUL	-180	Eastern European Summer Time
Eire	JAN	-60	Greenwich Mean Time
Eire	JUL	-60	Greenwich Mean Time
Etc/GMT	JAN	0	Greenwich Mean Time
Etc/GMT	JUL	0	Greenwich Mean Time
Etc/GMT+0	JAN	0	Greenwich Mean Time
Etc/GMT+0	JUL	0	Greenwich Mean Time
Etc/GMT+1	JAN	60	GMT-01:00
Etc/GMT+1	JUL	60	GMT-01:00
Etc/GMT+10	JAN	600	GMT-10:00
Etc/GMT+10	JUL	600	GMT-10:00
Etc/GMT+11	JAN	660	GMT-11:00
Etc/GMT+11	JUL	660	GMT-11:00
Etc/GMT+12	JAN	720	GMT-12:00
Etc/GMT+12	JUL	720	GMT-12:00
Etc/GMT+2	JAN	120	GMT-02:00
Etc/GMT+2	JUL	120	GMT-02:00
Etc/GMT+3	JAN	180	GMT-03:00
Etc/GMT+3	JUL	180	GMT-03:00
Etc/GMT+4	JAN	240	GMT-04:00
Etc/GMT+4	JUL	240	GMT-04:00
Etc/GMT+5	JAN	300	GMT-05:00
Etc/GMT+5	JUL	300	GMT-05:00
Etc/GMT+6	JAN	360	GMT-06:00
Etc/GMT+6	JUL	360	GMT-06:00
Etc/GMT+7	JAN	420	GMT-07:00
Etc/GMT+7	JUL	420	GMT-07:00
Etc/GMT+8	JAN	480	GMT-08:00
Etc/GMT+8	JUL	480	GMT-08:00
Etc/GMT+9	JAN	540	GMT-09:00
Etc/GMT+9	JUL	540	GMT-09:00
Etc/GMT-0	JAN	0	Greenwich Mean Time
Etc/GMT-0	JUL	0	Greenwich Mean Time
Etc/GMT-1	JAN	-60	GMT+01:00
Etc/GMT-1	JUL	-60	GMT+01:00
Etc/GMT-10	JAN	-600	GMT+10:00
Etc/GMT-10	JUL	-600	GMT+10:00
Etc/GMT-11	JAN	-660	GMT+11:00
Etc/GMT-11	JUL	-660	GMT+11:00
Etc/GMT-12	JAN	-720	GMT+12:00
Etc/GMT-12	JUL	-720	GMT+12:00
Etc/GMT-13	JAN	-780	GMT+13:00
Etc/GMT-13	JUL	-780	GMT+13:00
Etc/GMT-14	JAN	-840	GMT+14:00
Etc/GMT-14	JUL	-840	GMT+14:00
Etc/GMT-2	JAN	-120	GMT+02:00
Etc/GMT-2	JUL	-120	GMT+02:00
Etc/GMT-3	JAN	-180	GMT+03:00
Etc/GMT-3	JUL	-180	GMT+03:00
Etc/GMT-4	JAN	-240	GMT+04:00
Etc/GMT-4	JUL	-240	GMT+04:00
Etc/GMT-5	JAN	-300	GMT+05:00
Etc/GMT-5	JUL	-300	GMT+05:00
Etc/GMT-6	JAN	-360	GMT+06:00
Etc/GMT-6	JUL	-360	GMT+06:00
Etc/GMT-7	JAN	-420	GMT+07:00
Etc/GMT-7	JUL	-420	GMT+07:00
Etc/GMT-8	JAN	-480	GMT+08:00
Etc/GMT-8	JUL	-480	GMT+08:00
Etc/GMT-9	JAN	-540	GMT+09:00
Etc/GMT-9	JUL	-540	GMT+09:00
Etc/GMT0	JAN	0	Greenwich Mean Time
Etc/GMT0	JUL	0	Greenwich Mean Time
Etc/Greenwich	JAN	0	Greenwich Mean Time
Etc/Greenwich	JUL	0	Greenwich Mean Time
Etc/UCT	JAN	0	Coordinated Universal Time
Etc/UCT	JUL	0	Coordinated Universal Time
Etc/UTC	JAN	0	Coordinated Universal Time
Etc/UTC	JUL	0	Coordinated Universal Time
Etc/Universal	JAN	0	Coordinated Universal Time
Etc/Universal	JUL	0	Coordinated Universal Time
Etc/Zulu	JAN	0	Coordinated Universal Time
Etc/Zulu	JUL	0	Coordinated Universal Time
Europe/Amsterdam	JAN	-60	Central European Standard Time
Europe/Amsterdam	JUL	-120	Central European Summer Time
Europe/Andorra	JAN	-60	Central European Standard Time
Europe/Andorra	JUL	-120	Central European Summer Time
Europe/Astrakhan	JAN	-240	GMT+04:00
Europe/Astrakhan	JUL	-240	GMT+04:00
Europe/Athens	JAN	-120	Eastern European Standard Time
Europe/Athens	JUL	-180	Eastern European Summer Time
Europe/Belfast	JAN	0	Greenwich Mean Time
Europe/Belfast	JUL	-60	British Summer Time
Europe/Belgrade	JAN	-60	Central European Standard Time
Europe/Belgrade	JUL	-120	Central European Summer Time
Europe/Berlin	JAN	-60	Central European Standard Time
Europe/Berlin	JUL	-120	Central European Summer Time
Europe/Bratislava	JAN	-60	Central European Standard Time
Europe/Bratislava	JUL	-120	Central European Summer Time
Europe/Brussels	JAN	-60	Central European Standard Time
Europe/Brussels	JUL	-120	Central European Summer Time
Europe/Bucharest	JAN	-120	Eastern European Standard Time
Europe/Bucharest	JUL	-180	Eastern European Summer Time
Europe/Budapest	JAN	-60	Central European Standard Time
Europe/Budapest	JUL	-120	Central European Summer Time
Europe/Busingen	JAN	-60	Central European Standard Time
Europe/Busingen	JUL	-120	Central European Summer Time
Europe/Chisinau	JAN	-120	Eastern European Standard Time
Europe/Chisinau	JUL	-180	Eastern European Summer Time
Europe/Copenhagen	JAN	-60	Central European Standard Time
Europe/Copenhagen	JUL	-120	Central European Summer Time
Europe/Dublin	JAN	0	Greenwich Mean Time
Europe/Dublin	JUL	-60	Irish Standard Time
Europe/Gibraltar	JAN	-60	Central European Standard Time
Europe/Gibraltar	JUL	-120	Central European Summer Time
Europe/Guernsey	JAN	0	Greenwich Mean Time
Europe/Guernsey	JUL	-60	GMT+01:00
Europe/Helsinki	JAN	-120	Eastern European Standard Time
Europe/Helsinki	JUL	-180	Eastern European Summer Time
Europe/Isle_of_Man	JAN	0	Greenwich Mean Time
Europe/Isle_of_Man	JUL	-60	GMT+01:00
Europe/Istanbul	JAN	-180	GMT+03:00
Europe/Istanbul	JUL	-180	GMT+03:00
Europe/Jersey	JAN	0	Greenwich Mean Time
Europe/Jersey	JUL	-60	GMT+01:00
Europe/Kaliningrad	JAN	-120	Eastern European Standard Time
Europe/Kaliningrad	JUL	-120	Eastern European Standard Time
Europe/Kiev	JAN	-120	Eastern European Standard Time
Europe/Kiev	JUL	-180	Eastern European Summer Time
Europe/Kirov	JAN	-180	GMT+03:00
Europe/Kirov	JUL	-180	GMT+03:00
Europe/Kyiv	JAN	-120	Eastern European Standard Time
Europe/Kyiv	JUL	-180	Eastern European Summer Time
Europe/Lisbon	JAN	0	Western European Standard Time
Europe/Lisbon	JUL	-60	Western European Summer Time
Europe/Ljubljana	JAN	-60	Central European Standard Time
Europe/Ljubljana	JUL	-120	Central European Summer Time
Europe/London	JAN	0	Greenwich Mean Time
Europe/London	JUL	-60	British Summer Time
Europe/Luxembourg	JAN	-60	Central European Standard Time
Europe/Luxembourg	JUL	-120	Central European Summer Time
Europe/Madrid	JAN	-60	Central European Standard Time
Europe/Madrid	JUL	-120	Central European Summer Time
Europe/Malta	JAN	-60	Central European Standard Time
Europe/Malta	JUL	-120	Central European Summer Time
Europe/Mariehamn	JAN	-120	Eastern European Standard Time
Europe/Mariehamn	JUL	-180	Eastern European Summer Time
Europe/Minsk	JAN	-180	Moscow Standard Time
Europe/Minsk	JUL	-180	Moscow Standard Time
Europe/Monaco	JAN	-60	Central European Standard Time
Europe/Monaco	JUL	-120	Central European Summer Time
Europe/Moscow	JAN	-180	Moscow Standard Time
Europe/Moscow	JUL	-180	Moscow Standard Time
Europe/Nicosia	JAN	-120	Eastern European Standard Time
Europe/Nicosia	JUL	-180	Eastern European Summer Time
Europe/Oslo	JAN	-60	Central European Standard Time
Europe/Oslo	JUL	-120	Central European Summer Time
Europe/Paris	JAN	-60	Central European Standard Time
Europe/Paris	JUL	-120	Central European Summer Time
Europe/Podgorica	JAN	-60	Central European Standard Time
Europe/Podgorica	JUL	-120	Central European Summer Time
Europe/Prague	JAN	-60	Central European Standard Time
Europe/Prague	JUL	-120	Central European Summer Time
Europe/Riga	JAN	-120	Eastern European Standard Time
Europe/Riga	JUL	-180	Eastern European Summer Time
Europe/Rome	JAN	-60	Central European Standard Time
Europe/Rome	JUL	-120	Central European Summer Time
Europe/Samara	JAN	-240	Samara Standard Time
Europe/Samara	JUL	-240	Samara Standard Time
Europe/San_Marino	JAN	-60	Central European Standard Time
Europe/San_Marino	JUL	-120	Central European Summer Time
Europe/Sarajevo	JAN	-60	Central European Standard Time
Europe/Sarajevo	JUL	-120	Central European Summer Time
Europe/Saratov	JAN	-240	GMT+04:00
Europe/Saratov	JUL	-240	GMT+04:00
Europe/Simferopol	JAN	-180	Moscow Standard Time
Europe/Simferopol	JUL	-180	Moscow Standard Time
Europe/Skopje	JAN	-60	Central European Standard Time
Europe/Skopje	JUL	-120	Central European Summer Time
Europe/Sofia	JAN	-120	Eastern European Standard Time
Europe/Sofia	JUL	-180	Eastern European Summer Time
Europe/Stockholm	JAN	-60	Central European Standard Time
Europe/Stockholm	JUL	-120	Central European Summer Time
Europe/Tallinn	JAN	-120	Eastern European Standard Time
Europe/Tallinn	JUL	-180	Eastern European Summer Time
Europe/Tirane	JAN	-60	Central European Standard Time
Europe/Tirane	JUL	-120	Central European Summer Time
Europe/Tiraspol	JAN	-120	Eastern European Standard Time
Europe/Tiraspol	JUL	-180	Eastern European Summer Time
Europe/Ulyanovsk	JAN	-240	GMT+04:00
Europe/Ulyanovsk	JUL	-240	GMT+04:00
Europe/Uzhgorod	JAN	-120	Eastern European Standard Time
Europe/Uzhgorod	JUL	-180	Eastern European Summer Time
Europe/Vaduz	JAN	-60	Central European Standard Time
Europe/Vaduz	JUL	-120	Central European Summer Time
Europe/Vatican	JAN	-60	Central European Standard Time
Europe/Vatican	JUL	-120	Central European Summer Time
Europe/Vienna	JAN	-60	Central European Standard Time
Europe/Vienna	JUL	-120	Central European Summer Time
Europe/Vilnius	JAN	-120	Eastern European Standard Time
Europe/Vilnius	JUL	-180	Eastern European Summer Time
Europe/Volgograd	JAN	-180	Volgograd Standard Time
Europe/Volgograd	JUL	-180	Volgograd Standard Time
Europe/Warsaw	JAN	-60	Central European Standard Time
Europe/Warsaw	JUL	-120	Central European Summer Time
Europe/Zagreb	JAN	-60	Central European Standard Time
Europe/Zagreb	JUL	-120	Central European Summer Time
Europe/Zaporozhye	JAN	-120	Eastern European Standard Time
Europe/Zaporozhye	JUL	-180	Eastern European Summer Time
Europe/Zurich	JAN	-60	Central European Standard Time
Europe/Zurich	JUL	-120	Central European Summer Time
Factory	JAN	0	GMT
Factory	JUL	0	GMT
GB	JAN	0	Greenwich Mean Time
GB	JUL	-60	British Summer Time
GB-Eire	JAN	0	Greenwich Mean Time
GB-Eire	JUL	-60	British Summer Time
GMT	JAN	0	Greenwich Mean Time
GMT	JUL	0	Greenwich Mean Time
GMT+0	JAN	0	Greenwich Mean Time
GMT+0	JUL	0	Greenwich Mean Time
GMT-0	JAN	0	Greenwich Mean Time
GMT-0	JUL	0	Greenwich Mean Time
GMT0	JAN	0	Greenwich Mean Time
GMT0	JUL	0	Greenwich Mean Time
Greenwich	JAN	0	Greenwich Mean Time
Greenwich	JUL	0	Greenwich Mean Time
HST	JAN	600	Hawaii-Aleutian Standard Time
HST	JUL	600	Hawaii-Aleutian Standard Time
Hongkong	JAN	-480	Hong Kong Standard Time
Hongkong	JUL	-480	Hong Kong Standard Time
Iceland	JAN	0	Greenwich Mean Time
Iceland	JUL	0	Greenwich Mean Time
Indian/Antananarivo	JAN	-180	East Africa Time
Indian/Antananarivo	JUL	-180	East Africa Time
Indian/Chagos	JAN	-360	Indian Ocean Time
Indian/Chagos	JUL	-360	Indian Ocean Time
Indian/Christmas	JAN	-420	Christmas Island Time
Indian/Christmas	JUL	-420	Christmas Island Time
Indian/Cocos	JAN	-390	Cocos Islands Time
Indian/Cocos	JUL	-390	Cocos Islands Time
Indian/Comoro	JAN	-180	East Africa Time
Indian/Comoro	JUL	-180	East Africa Time
Indian/Kerguelen	JAN	-300	French Southern & Antarctic Time
Indian/Kerguelen	JUL	-300	French Southern & Antarctic Time
Indian/Mahe	JAN	-240	Seychelles Time
Indian/Mahe	JUL	-240	Seychelles Time
Indian/Maldives	JAN	-300	Maldives Time
Indian/Maldives	JUL	-300	Maldives Time
Indian/Mauritius	JAN	-240	Mauritius Standard Time
Indian/Mauritius	JUL	-240	Mauritius Standard Time
Indian/Mayotte	JAN	-180	East Africa Time
Indian/Mayotte	JUL	-180	East Africa Time
Indian/Reunion	JAN	-240	Réunion Time
Indian/Reunion	JUL	-240	Réunion Time
Iran	JAN	-210	Iran Standard Time
Iran	JUL	-210	Iran Standard Time
Israel	JAN	-120	Israel Standard Time
Israel	JUL	-180	Israel Daylight Time
Jamaica	JAN	300	Eastern Standard Time
Jamaica	JUL	300	Eastern Standard Time
Japan	JAN	-540	Japan Standard Time
Japan	JUL	-540	Japan Standard Time
Kwajalein	JAN	-720	Marshall Islands Time
Kwajalein	JUL	-720	Marshall Islands Time
Libya	JAN	-120	Eastern European Standard Time
Libya	JUL	-120	Eastern European Standard Time
MET	JAN	-60	Central European Standard Time
MET	JUL	-120	Central European Summer Time
MST	JAN	420	Mountain Standard Time
MST	JUL	420	Mountain Standard Time
MST7MDT	JAN	420	Mountain Standard Time
MST7MDT	JUL	360	Mountain Daylight Time
Mexico/BajaNorte	JAN	480	Pacific Standard Time
Mexico/BajaNorte	JUL	420	Pacific Daylight Time
Mexico/BajaSur	JAN	420	Mexican Pacific Standard Time
Mexico/BajaSur	JUL	420	Mexican Pacific Standard Time
Mexico/General	JAN	360	Central Standard Time
Mexico/General	JUL	360	Central Standard Time
NZ	JAN	-780	New Zealand Daylight Time
NZ	JUL	-720	New Zealand Standard Time
NZ-CHAT	JAN	-825	Chatham Daylight Time
NZ-CHAT	JUL	-765	Chatham Standard Time
Navajo	JAN	420	Mountain Standard Time
Navajo	JUL	360	Mountain Daylight Time
PRC	JAN	-480	China Standard Time
PRC	JUL	-480	China Standard Time
PST8PDT	JAN	480	Pacific Standard Time
PST8PDT	JUL	420	Pacific Daylight Time
Pacific/Apia	JAN	-780	Samoa Standard Time
Pacific/Apia	JUL	-780	Samoa Standard Time
Pacific/Auckland	JAN	-780	New Zealand Daylight Time
Pacific/Auckland	JUL	-720	New Zealand Standard Time
Pacific/Bougainville	JAN	-660	GMT+11:00
Pacific/Bougainville	JUL	-660	GMT+11:00
Pacific/Chatham	JAN	-825	Chatham Daylight Time
Pacific/Chatham	JUL	-765	Chatham Standard Time
Pacific/Chuuk	JAN	-600	Chuuk Time
Pacific/Chuuk	JUL	-600	Chuuk Time
Pacific/Easter	JAN	300	Easter Island Summer Time
Pacific/Easter	JUL	360	Easter Island Standard Time
Pacific/Efate	JAN	-660	Vanuatu Standard Time
Pacific/Efate	JUL	-660	Vanuatu Standard Time
Pacific/Enderbury	JAN	-780	Phoenix Islands Time
Pacific/Enderbury	JUL	-780	Phoenix Islands Time
Pacific/Fakaofo	JAN	-780	Tokelau Time
Pacific/Fakaofo	JUL	-780	Tokelau Time
Pacific/Fiji	JAN	-720	Fiji Standard Time
Pacific/Fiji	JUL	-720	Fiji Standard Time
Pacific/Funafuti	JAN	-720	Tuvalu Time
Pacific/Funafuti	JUL	-720	Tuvalu Time
Pacific/Galapagos	JAN	360	Galapagos Time
Pacific/Galapagos	JUL	360	Galapagos Time
Pacific/Gambier	JAN	540	Gambier Time
Pacific/Gambier	JUL	540	Gambier Time
Pacific/Guadalcanal	JAN	-660	Solomon Islands Time
Pacific/Guadalcanal	JUL	-660	Solomon Islands Time
Pacific/Guam	JAN	-600	Chamorro Standard Time
Pacific/Guam	JUL	-600	Chamorro Standard Time
Pacific/Honolulu	JAN	600	Hawaii-Aleutian Standard Time
Pacific/Honolulu	JUL	600	Hawaii-Aleutian Standard Time
Pacific/Johnston	JAN	600	Hawaii-Aleutian Standard Time
Pacific/Johnston	JUL	600	Hawaii-Aleutian Standard Time
Pacific/Kanton	JAN	-780	Phoenix Islands Time
Pacific/Kanton	JUL	-780	Phoenix Islands Time
Pacific/Kiritimati	JAN	-840	Line Islands Time
Pacific/Kiritimati	JUL	-840	Line Islands Time
Pacific/Kosrae	JAN	-660	Kosrae Time
Pacific/Kosrae	JUL	-660	Kosrae Time
Pacific/Kwajalein	JAN	-720	Marshall Islands Time
Pacific/Kwajalein	JUL	-720	Marshall Islands Time
Pacific/Majuro	JAN	-720	Marshall Islands Time
Pacific/Majuro	JUL	-720	Marshall Islands Time
Pacific/Marquesas	JAN	570	Marquesas Time
Pacific/Marquesas	JUL	570	Marquesas Time
Pacific/Midway	JAN	660	American Samoa Standard Time
Pacific/Midway	JUL	660	American Samoa Standard Time
Pacific/Nauru	JAN	-720	Nauru Time
Pacific/Nauru	JUL	-720	Nauru Time
Pacific/Niue	JAN	660	Niue Time
Pacific/Niue	JUL	660	Niue Time
Pacific/Norfolk	JAN	-720	Norfolk Island Daylight Time
Pacific/Norfolk	JUL	-660	Norfolk Island Standard Time
Pacific/Noumea	JAN	-660	New Caledonia Standard Time
Pacific/Noumea	JUL	-660	New Caledonia Standard Time
Pacific/Pago_Pago	JAN	660	American Samoa Standard Time
Pacific/Pago_Pago	JUL	660	American Samoa Standard Time
Pacific/Palau	JAN	-540	Palau Time
Pacific/Palau	JUL	-540	Palau Time
Pacific/Pitcairn	JAN	480	Pitcairn Time
Pacific/Pitcairn	JUL	480	Pitcairn Time
Pacific/Pohnpei	JAN	-660	Pohnpei Time
Pacific/Pohnpei	JUL	-660	Pohnpei Time
Pacific/Ponape	JAN	-660	Pohnpei Time
Pacific/Ponape	JUL	-660	Pohnpei Time
Pacific/Port_Moresby	JAN	-600	Papua New Guinea Time
Pacific/Port_Moresby	JUL	-600	Papua New Guinea Time
Pacific/Rarotonga	JAN	600	Cook Islands Standard Time
Pacific/Rarotonga	JUL	600	Cook Islands Standard Time
Pacific/Saipan	JAN	-600	Chamorro Standard Time
Pacific/Saipan	JUL	-600	Chamorro Standard Time
Pacific/Samoa	JAN	660	American Samoa Standard Time
Pacific/Samoa	JUL	660	American Samoa Standard Time
Pacific/Tahiti	JAN	600	Tahiti Time
Pacific/Tahiti	JUL	600	Tahiti Time
Pacific/Tarawa	JAN	-720	Gilbert Islands Time
Pacific/Tarawa	JUL	-720	Gilbert Islands Time
Pacific/Tongatapu	JAN	-780	Tonga Standard Time
Pacific/Tongatapu	JUL	-780	Tonga Standard Time
Pacific/Truk	JAN	-600	Chuuk Time
Pacific/Truk	JUL	-600	Chuuk Time
Pacific/Wake	JAN	-720	Wake Island Time
Pacific/Wake	JUL	-720	Wake Island Time
Pacific/Wallis	JAN	-720	Wallis & Futuna Time
Pacific/Wallis	JUL	-720	Wallis & Futuna Time
Pacific/Yap	JAN	-600	Chuuk Time
Pacific/Yap	JUL	-600	Chuuk Time
Poland	JAN	-60	Central European Standard Time
Poland	JUL	-120	Central European Summer Time
Portugal	JAN	0	Western European Standard Time
Portugal	JUL	-60	Western European Summer Time
ROC	JAN	-480	Taiwan Standard Time
ROC	JUL	-480	Taiwan Standard Time
ROK	JAN	-540	Korean Standard Time
ROK	JUL	-540	Korean Standard Time
Singapore	JAN	-480	Singapore Standard Time
Singapore	JUL	-480	Singapore Standard Time
Turkey	JAN	-180	GMT+03:00
Turkey	JUL	-180	GMT+03:00
UCT	JAN	0	Coordinated Universal Time
UCT	JUL	0	Coordinated Universal Time
US/Alaska	JAN	540	Alaska Standard Time
US/Alaska	JUL	480	Alaska Daylight Time
US/Aleutian	JAN	600	Hawaii-Aleutian Standard Time
US/Aleutian	JUL	540	Hawaii-Aleutian Daylight Time
US/Arizona	JAN	420	Mountain Standard Time
US/Arizona	JUL	420	Mountain Standard Time
US/Central	JAN	360	Central Standard Time
US/Central	JUL	300	Central Daylight Time
US/East-Indiana	JAN	300	Eastern Standard Time
US/East-Indiana	JUL	240	Eastern Daylight Time
US/Eastern	JAN	300	Eastern Standard Time
US/Eastern	JUL	240	Eastern Daylight Time
US/Hawaii	JAN	600	Hawaii-Aleutian Standard Time
US/Hawaii	JUL	600	Hawaii-Aleutian Standard Time
US/Indiana-Starke	JAN	360	Central Standard Time
US/Indiana-Starke	JUL	300	Central Daylight Time
US/Michigan	JAN	300	Eastern Standard Time
US/Michigan	JUL	240	Eastern Daylight Time
US/Mountain	JAN	420	Mountain Standard Time
US/Mountain	JUL	360	Mountain Daylight Time
US/Pacific	JAN	480	Pacific Standard Time
US/Pacific	JUL	420	Pacific Daylight Time
US/Samoa	JAN	660	American Samoa Standard Time
US/Samoa	JUL	660	American Samoa Standard Time
UTC	JAN	0	Coordinated Universal Time
UTC	JUL	0	Coordinated Universal Time
Universal	JAN	0	Coordinated Universal Time
Universal	JUL	0	Coordinated Universal Time
W-SU	JAN	-180	Moscow Standard Time
W-SU	JUL	-180	Moscow Standard Time
WET	JAN	0	Western European Standard Time
WET	JUL	-60	Western European Summer Time
Zulu	JAN	0	Coordinated Universal Time
Zulu	JUL	0	Coordinated Universal Time
